english,lunyoro
The woman dug the garden.,omukazi agulimaire omusiri.
The woman dug the garden (object fronted).,omusiri omukazi agulimire.
The garden the woman dug.,omukazi agulimaire omusiri.
The garden the woman dug (object fronted).,omusiri omukazi agulimire.
The herdsmen drank the milk.,abahuma aganywaire amata.
The herdsmen drank the milk (object fronted).,amata abahuma baganywire.
The children brought the books.,abaana abireetaire ebitabu.
The children brought the books (object fronted).,ebitabu abaana babireetire.
The child herded the cow.,omwana ayilindaire ente.
The child herded the cow (object fronted).,ente omwana ayilindire.
The farmer cut the rope.,omulimi arutemaire omuguwa.
The farmer cut the rope (object fronted).,omuguwa omulimi arutemire.
The woman saw the child.,omukazi amurebaire omwana.
The woman saw the child (object fronted).,omwana omukazi amurebire.
The people saw the dog.,abantu ayibonaire embwa.
The people saw the dog (object fronted).,embwa abantu bayibonire.
The child read the book.,omwana akisomaire ekitabu.
The child read the book (object fronted).,ekitabu omwana akisomire.
The woman bought the bananas.,omukazi abigulaire ebitooke.
The woman bought the bananas (object fronted).,ebitooke omukazi abigulire.
The woman has dug the garden.,Omusiri omukazi agulimire.
The woman has dug the garden.,Omukazi omusiri agulimire.
The herdsmen have drunk the milk.,Amata gabahuma baganywire.
The herdsmen have drunk the milk.,Abahuma amata baganywire.
The children have brought the books.,Ebitabu abaana babireesire.
The children have brought the books.,Abaana ebitabu babireesire.
The child has bought his father a long tunic.,Omwana aguliire ise ekanzu.
The tunic the child bought for his father.,Ekanzu omwana agiguliire ise.
The tunic the father the child bought for him.,Ekanzu ise omwana agimuguliire.
The dog bit the child.,Omwana embwa yamukumira.
The child the dog bit.,Omwana embwa yamukumira.
The farmer cut the banana tree.,Omulimi atema omuti gw'ebitooke.
The teacher taught the children.,Omwigisha yigisha abaana.
The children the teacher taught.,Abaana omwigisha yabigishira.
Abbooki,Abbooki (empaako name)
Abwoli,Abwoli (empaako name)
Acaali,Acaali (empaako name)
Akiiki,Akiiki (empaako name)
Amooti,Amooti (empaako name)
Adyeri,Adyeri (empaako name)
Apuuli,Apuuli (empaako name)
Araali,Araali (empaako name)
Ateenyi,Ateenyi (empaako name)
Atwoki,Atwoki (empaako name)
Bbala,Bbala (empaako name)
my grandmother,mukaaka
the chief,marumi
the elder,rubuga
Mr. Elephant,warujojo
Mr. Rabbit,wakame
Mr. Dog,wambwa
Mr. Hen,wankoko
Abbooki came.,Abbooki yajayo.
Abbooki is my friend.,Abbooki ni mukwangu.
Akiiki went to school.,Akiiki yagenda isomero.
Amooti is a good person.,Amooti ni muntu murungi.
Mr. Elephant is big.,Warujojo munene.
Mr. Rabbit is clever.,Wakame mwangu.
the Abbookis (plural),BaAbbooki
all the Abbookis,BaAbbooki boona
the Akiikis (plural),BaAkiiki
all the Akiikis,BaAkiiki boona
the Amootis (plural),BaAmooti
all the Amootis,BaAmooti boona
the Adyeris (plural),BaAdyeri
all the Adyeris,BaAdyeri boona
the mukaakas (plural),Baamukaaka
all the mukaakas,Baamukaaka boona
the warujojos (plural),Baawarujojo
all the warujojos,Baawarujojo boona
the wakames (plural),Baawakame
all the wakames,Baawakame boona
The Abbooki people came.,Baabbooki bajayo.
All the grandmothers are wise.,Baamukaaka boona bakugu.
The Mr. Elephants are big.,Boowarujojo banene.
The Mr. Rabbits are clever.,Boowakame bwangu.
office,ofiisi
the office,ofiisi
motor car,motoka
the motor car,motoka
bus,bbaasi
the bus,bbaasi
camera,kamera
the camera,kamera
calendar,kalenda
the calendar,kalenda
government,gavumenti
the government,gavumenti
cents/money,sente
the cents/money,sente
motorcycle,pikipiki
the motorcycle,pikipiki
green (like grass),kinyansi
the green (like grass),kinyansi
green (like ejabwa plant),kijubwa
the green (like ejabwa plant),kijubwa
green (like plantain leaf),rubabi
the green (like plantain leaf),rubabi
brown (like soil),kitaka
the brown (like soil),kitaka
light brown (like termite hill),kataiki
the light brown (like termite hill),kataiki
yellow (like ripe banana),kyenju
the yellow (like ripe banana),kyenju
purple (like ehuukya berries),kihuukya
the purple (like ehuukya berries),kihuukya
red/reddish brown (like reddish cow),kigaaja
the red/reddish brown (like reddish cow),kigaaja
white (like white cow/hen),kyeru
the white (like white cow/hen),kyeru
dark brown (like dark brown cow),kisiina
the dark brown (like dark brown cow),kisiina
grey (like greyish cow),kibuubi
the grey (like greyish cow),kibuubi
black (like black cow/hen),kikara
the black (like black cow/hen),kikara
dark blue,kaneke
the dark blue,kaneke
blue,bbururu
the blue,bbururu
purple (baboon-derived),kakobe
the purple (baboon-derived),kakobe
Kaseese (town),Kaseese
the Kaseese (town),Kaseese
Kabarole (town),Kabarole
the Kabarole (town),Kabarole
Kilembe (town),Kilembe
the Kilembe (town),Kilembe
Buganda (kingdom),Buganda
the Buganda (kingdom),Buganda
Tooro (kingdom),Tooro
the Tooro (kingdom),Tooro
Bunyoro (kingdom),Bunyoro
the Bunyoro (kingdom),Bunyoro
many offices,zaaofiisi
many motor cars,zaamotoka
many buss,zaabbaasi
many cameras,zaakamera
many calendars,zaakalenda
many governments,zaagavumenti
many cents/moneys,zaasente
many motorcycles,zaapikipiki
many green (like grass)s,zaakinyansi
many green (like ejabwa plant)s,zaakijubwa
many green (like plantain leaf)s,zaarubabi
many brown (like soil)s,zaakitaka
many light brown (like termite hill)s,zaakataiki
many yellow (like ripe banana)s,zaakyenju
many purple (like ehuukya berries)s,zaakihuukya
The office is near the market.,Ofiisi eri haihi n'isoko.
The motor car is fast.,Motoka yanguha.
The bus has arrived.,Bbaasi ejayo.
The government built schools.,Gavumenti yabaka amasomero.
I have no money.,Sente nzina.
The motorcycle is loud.,Pikipiki iguma.
Kaseese is near Kilembe.,Kaseese eri haihi na Kilembe.
There are more things at Kaseese.,Kaseese haliyo ebintu bingi.
Buganda is a big kingdom.,Buganda ni obwami bunene.
Tooro is in western Uganda.,Tooro eri oburengerezuba bwa Uganda.
Bunyoro is an ancient kingdom.,Bunyoro ni obwami bw'ekiro.
The offices are near the market.,Zaaofiisi ziri haihi n'isoko.
The motor cars are fast.,Zaamotoka ziyanguha.
The cow is white.,Ente kyeru.
The cow is black.,Ente kikara.
The cow is reddish brown.,Ente kigaaja.
The cow is brown.,Ente kitaka.
The cow is grey.,Ente kibuubi.
The cow is dark brown.,Ente kisiina.
The grass is green.,Obuheesi kinyansi.
The banana is yellow.,Egitooke kyenju.
The sky is blue.,Eggulu bbururu.
The cloth is purple.,Orugoye kihuukya.
All their cattle are reddish brown.,Ente zaabo zoona bigaaju bisa.
Count each group of cows of the same colour.,Buli nte ez'erangi emu muzibale zonka.
The white cow is mine.,Ente kyeru ni yange.
I want a black cow.,Nkunda ente kikara.
The green grass is fresh.,Obuheesi kinyansi busha.
What colour is the cow?,Ente erangi ki?
The cow is light brown.,Ente kataiki.
The cloth is dark blue.,Orugoye kaneke.
The flower is purple.,Ekimuli kihuukya.
white,kyeru
black,kikara
green,kinyansi
yellow,kyenju
brown,kitaka
grey,kibuubi
red,kigaaja
purple,kihuukya
dark brown,kisiina
light brown,kataiki
gloomy person,omutaseka
one who does not laugh,omutaseka
touchy person,omutagambwaho
one who is easily offended,omutagambwaho
dirty person,omutooga
one who does not take a bath,omutooga
title of saza chief,omutaleesa
Mwenge/Tooro chief title,omutaleesa
one who climbs the table,omutembameeza
pet name,omutembameeza
one who fails to clean,omutacunguurra
pet name,omutacunguurra
one who fails to cut nails,omutacwanono
pet name,omutacwanono
person who never laughs,omutaseka
one who does not bathe,omutatooga
dirty person,omutatooga
person who never bathes,omutatooga
one who does not eat,omutarya
person who refuses food,omutarya
person who never eats,omutarya
one who does not speak,omutagamba
silent person,omutagamba
person who never speaks,omutagamba
one who does not go,omutagenda
stay-at-home person,omutagenda
person who never gos,omutagenda
one who does not study,omutasoma
person who refuses school,omutasoma
person who never studys,omutasoma
one who does not dance,omutazina
person who refuses to dance,omutazina
person who never dances,omutazina
one who does not eat,omutalya
person who refuses food,omutalya
person who never eats,omutalya
one who does not ask,omutabaza
proud person,omutabaza
person who never asks,omutabaza
one who does not look,omutarora
inattentive person,omutarora
person who never looks,omutarora
one who does not work,omutara
lazy person,omutara
person who never works,omutara
one who does not drink,omutanywa
teetotaller,omutanywa
person who never drinks,omutanywa
one who does not come,omutaija
absent person,omutaija
person who never comes,omutaija
one who does not arrive,omutahika
person who is always late,omutahika
person who never arrives,omutahika
one who does not bring,omutaleeta
person who never brings anything,omutaleeta
person who never brings,omutaleeta
He is a gloomy person who never laughs.,Nuwe omutaseka.
She is a dirty person who never bathes.,Nuwe omutooga.
He is a touchy person.,Nuwe omutagambwaho.
The gloomy person sat alone.,Omutaseka yaikara wenka.
A dirty person is not welcome.,Omutooga takiribwa.
He is a lazy person who never works.,Nuwe omutakora.
She is a silent person.,Nuwe omutagamba.
A person who never eats is sick.,Omutarya arwaire.
professional cultivator,endimi
cf. omulimi,endimi
professional trader,ensuubuzi
cf. omusuubuzi,ensuubuzi
incurable liar,encwangya
cf. omucwangya,encwangya
permanent widow/widower,enfaakati
cf. mufaakati,enfaakati
frequent wedding attendant,entaahamagenyi
one who always goes to parties,entaahamagenyi
one who visits only for food,engenderakulya
"one who is always visiting, idler",embungabungi
one who has never seen anything striking,entakabonaga
professional cultivator,enlima
farmer,enlima
habitual cultivater,enlima
professional trader,ensuubuza
merchant,ensuubuza
habitual trader,ensuubuza
one who always asks,embaza
inquisitive person,embaza
habitual askr,embaza
one who is always going,engenda
wanderer,engenda
habitual gor,engenda
one who always eats,enrya
glutton,enrya
habitual eatr,enrya
one who always studies,ensoma
bookworm,ensoma
habitual studyr,ensoma
one who always dances,enzina
dancer,enzina
habitual dancer,enzina
professional builder,embaka
builder,embaka
habitual buildr,embaka
professional hunter,enhiga
hunter,enhiga
habitual huntr,enhiga
professional judge,embura
judge,embura
habitual judger,embura
one who always speaks,engamba
talkative person,engamba
habitual speakr,engamba
one who always works,enkora
hard worker,enkora
habitual workr,enkora
professional planner,empanga
planner,empanga
habitual planr,empanga
one who sees everything,embona
observer,embona
habitual seer,embona
The professional cultivator works hard.,Endimi ikora nkakiiko.
The professional trader sells many things.,Ensuubuzi itunda ebintu bingi.
The incurable liar is not trusted.,Encwangya tikirwa.
The permanent widow lives alone.,Enfaakati yaikara yeka.
The professional builder built the house.,Enbaka yabaka enju.
The professional hunter caught a lion.,Enhiga yafumba empologoma.
The glutton ate all the food.,Enrya yarya ebyokurya byoona.
big/disrespectful man,isaija
augmentative of man,isaija
youth acting badly,isigazi
augmentative of youth,isigazi
insolent child,eryana
augmentative of child,eryana
girl of great beauty/youth,eriisiki
augmentative of girl,eriisiki
sturdy/troublesome peasant,eriiru
augmentative of serf,eriiru
monster-like person,erintu
augmentative of person,erintu
dear poor man (affection),ekiiru
augmentative of serf,ekiiru
clumsy/contemptible man,ekisaija
augmentative of man,ekisaija
funny-looking child (contempt),ekiyana
augmentative of child,ekiyana
big/bad man,isaija
clumsy man,ekisaija
big man (pejorative),isaija
contemptible man,ekisaija
insolent child,eriana
funny-looking child,ekiana
big child (pejorative),eriana
contemptible child,ekiana
girl of great beauty,eriisiki
bold girl,ekiisiki
big girl (pejorative),eriisiki
contemptible girl,ekiisiki
sturdy peasant,eriiru
dear poor man,ekiiru
big serf (pejorative),eriiru
contemptible serf,ekiiru
monster-like person,intu
huge person,ekintu
big person (pejorative),intu
contemptible person,ekintu
big/bold woman,ikazi
contemptible woman,ekikazi
big woman (pejorative),ikazi
troublesome youth,ekisigazi
big youth (pejorative),isigazi
contemptible youth,ekisigazi
That big disrespectful man came.,Isaija yajayo.
The insolent child broke the cup.,Eryana yasya ekikopo.
That clumsy man fell down.,Ekisaija yaguwa.
The dear poor man is my friend.,Ekiiru ni mukwangu.
That bold girl is clever.,Eriisiki mwangu.
The troublesome youth ran away.,Isigazi yabba.
That huge person ate all the food.,Erintu yarya ebyokurya byoona.
The contemptible woman laughed.,Ekikazi yaseka.
in the mongoose's place,omwabugwo
inside the mongoose's home,omwabugwo
at the mongoose's place,owaabugwo
to the mongoose's home,owaabugwo
in the mongooses's place,omwabuyo
inside the mongooses's home,omwabuyo
at the mongooses's place,owaabuyo
to the mongooses's home,owaabuyo
in the thing's place,omwabukyo
inside the thing's home,omwabukyo
at the thing's place,owaabukyo
to the thing's home,owaabukyo
in the things's place,omwabubyo
inside the things's home,omwabubyo
at the things's place,owaabubyo
to the things's home,owaabubyo
in the animal's place,omwabuyo
inside the animal's home,omwabuyo
at the animal's place,owaabuyo
to the animal's home,owaabuyo
in the animals's place,omwabuzo
inside the animals's home,omwabuzo
at the animals's place,owaabuzo
to the animals's home,owaabuzo
A mosquito amongst its relatives is addressed as Rwakinumi.,Omubu guli owabugwo bagweta Rwakinumi.
Go to your home.,Mugende owaabu-inywe.
For what reason have they had to leave their home?,Owaabubo baihirweyo ki?
At Nyakato's house.,Omwabu Nyakato.
At those women's house.,Omwabu abakazi abo.
At these people's house.,Omwabu banu.
At those people's house.,Omwabu bali.
The mongoose is in its place.,Omusege guli omwabugwo.
The animal is at its place.,Enyamaishwa iri owaabuyo.
